award_id,or
2211032, OR 
2133577, OR 
2141578, OR 
2317250, OR 
2205648, OR 
2228607, OR 
2314893, OR 
2225542, OR 
2153118, OR 
2115322, OR 
2228314, OR 
2228645, OR 
2335287, OR 
2145997, OR 
2147052, OR 
2318434, OR 
2149221, OR 
2226281, OR 
2222021, OR 
2228709, OR 
2228584, OR 
2335241, OR 
2228562, OR 
2303588, OR 
2228731, OR 
2317570, OR 
2208926, OR 
2200895, OR 
2318064, OR 
2314254, OR 
2228490, OR 
2221709, OR 
2228517, OR 
2218195, OR 
2231692, OR 
2146969, OR 
2214249, OR 
2228671, OR 
2233087, OR 
2232103, OR 
2233509, OR 
2228635, OR 
2050608, OR 
2126109, OR 
2221250, OR 
2344191, OR 
2217912, OR 
2150926, OR 
2109488, OR 
2300548, OR 
2301964, OR 
2216500, OR 
2114168, OR 
2150708, OR 
2150652, OR 
2150650, OR 
2150651, OR 
2150631, OR 
2137272, OR 
2150600, OR 
2341169, OR 
2150671, OR 
2226272, OR 
2224192, OR 
2231600, OR 
2232225, OR 
2233622, OR 
2241004, OR 
2221056, OR 
2235467, OR 
2153525, OR 
2137378, OR 
2217706, OR 
2338609, OR 
2338752, OR 
2325694, OR 
2225306, OR 
2304541, OR 
2210137, OR 
2143671, OR 
2331482, OR 
2330728, OR 
2310189, OR 
2335071, OR 
2348594, OR 
2225583, OR 
2349591, OR 
2233768, OR 
2303748, OR 
2154339, OR 
2341716, OR 
2236832, OR 
2318478, OR 
2151820, OR 
2300677, OR 
2324401, OR 
2335396, OR 
2211054, OR 
2232344, OR 
2121898, OR 
2237492, OR 
2327055, OR 
2222626, OR 
2322592, OR 
2224967, OR 
2033452, OR 
2323328, OR 
2216351, OR 
2303556, OR 
2222625, OR 
2223035, OR 
2312491, OR 
2247670, OR 
2245995, OR 
2310532, OR 
2213144, OR 
2228226, OR 
2146068, OR 
2338980, OR 
2153111, OR 
2326931, OR 
2203422, OR 
2239695, OR 
2228035, OR 
2141070, OR 
2302093, OR 
2223416, OR 
2236724, OR 
2234130, OR 
2341568, OR 
2341569, OR 
2233707, OR 
2327975, OR 
2246579, OR 
2236058, OR 
2311181, OR 
2221635, OR 
2307200, OR 
2225226, OR 
2243401, OR 
2247579, OR 
2315869, OR 
2215257, OR 
2147744, OR 
2228988, OR 
2330074, OR 
2310789, OR 
2146146, OR 
2155047, OR 
2344476, OR 
2317588, OR 
2330597, OR 
2233342, OR 
2148673, OR 
2236014, OR 
2236389, OR 
2236622, OR 
2222764, OR 
2315906, OR 
2317464, OR 
2222795, OR 
2316665, OR 
2201486, OR 
2150042, OR 
2316960, OR 
2142924, OR 
2211858, OR 
2150344, OR 
2337293, OR 
2341846, OR 
2227147, OR 
2416127, OR 
2213639, OR 
2214604, OR 
2310556, OR 
2318072, OR 
2241620, OR 
2247858, OR 
2247875, OR 
2241947, OR 
2318936, OR 
2308524, OR 
2208725, OR 
2301800, OR 
2244454, OR 
2327186, OR 
2142137, OR 
2325041, OR 
2137377, OR 
2344375, OR 
2309541, OR 
2217681, OR 
2247752, OR 
2224228, OR 
2224227, OR 
2224226, OR 
2206952, OR 
2303732, OR 
2231669, OR 
2214590, OR 
2333389, OR 
2214299, OR 
2149214, OR 
2338690, OR 
2245491, OR 
2247935, OR 
2149204, OR 
2243857, OR 
2149256, OR 
2303484, OR 
2150328, OR 
2401551, OR 
2232538, OR 
2232539, OR 
2232537, OR 
2317573, OR 
2341363, OR 
2243105, OR 
2147919, OR 
2405731, OR 
2316628, OR 
2324517, OR 
2335727, OR 
2309255, OR 
2335521, OR 
2141798, OR 
2135730, OR 
2215655, OR 
2234256, OR 
2218943, OR 
2333850, OR 
2314994, OR 
2205976, OR 
2301780, OR 
2218742, OR 
2318593, OR 
2331550, OR 
2318592, OR 
2153229, OR 
2318158, OR 
2232689, OR 
2225128, OR 
2140946, OR 
2216672, OR 
2303937, OR 
2321022, OR 
2240327, OR 
2240328, OR 
2126030, OR 
2225187, OR 
2212068, OR 
2236609, OR 
2247315, OR 
2147390, OR 
2140666, OR 
2325081, OR 
2313609, OR 
2234081, OR 
2247070, OR 
2215654, OR 
2204529, OR 
2217812, OR 
2145723, OR 
2301815, OR 
2345607, OR 
2215653, OR 
2334256, OR 
2247071, OR 
2304988, OR 
2314890, OR 
2219701, OR 
2302666, OR 
2225210, OR 
2216520, OR 
2215696, OR 
2330984, OR 
2310438, OR 
2400006, OR 
2310451, OR 
2231647, OR 
2215656, OR 
2243225, OR 
2322172, OR 
2204386, OR 
2243457, OR 
2338108, OR 
2324524, OR 
2317001, OR 
2244322, OR 
2200769, OR 
2200748, OR 
2149158, OR 
2149329, OR 
2055237, OR 
2339723, OR 
2128176, OR 
2208057, OR 
2339309, OR 
2234676, OR 
2327977, OR 
2302814, OR 
2220322, OR 
2149995, OR 
2225513, OR 
2244348, OR 
2244316, OR 
2219655, OR 
2325547, OR 
2308412, OR 
2234187, OR 
2340195, OR 
2054920, OR 
2150380, OR 
2216923, OR 
2200255, OR 
2325976, OR 
2403834, OR 
2209320, OR 
2202033, OR 
2228967, OR 
2327579, OR 
2200323, OR 
2140262, OR 
2246468, OR 
2333099, OR 
2333098, OR 
2335858, OR 
2150054, OR 
2317076, OR 
2324325, OR 
2150540, OR 
2246158, OR 
2334832, OR 
2315541, OR 
2418277, OR 
2322734, OR 
2312141, OR 
2238801, OR 
2246349, OR 
2227975, OR 
2315883, OR 
2208845, OR 
2200437, OR 
2217640, OR 
2320345, OR 
2322199, OR 
2334207, OR 
2334638, OR 
2334206, OR 
2240729, OR 
2204550, OR 
2338642, OR 
2330910, OR 
2332985, OR 
2314229, OR 
2219242, OR 
2228616, OR 
2203669, OR 
2329538, OR 
2214740, OR 
2237401, OR 
2203985, OR 
2320979, OR 
2225149, OR 
2144213, OR 
2239605, OR 
2228555, OR 
2302340, OR 
2327308, OR 
2209151, OR 
2150000, OR 
2301543, OR 
2334311, OR 
2324304, OR 
2334276, OR 
2332104, OR 
2216349, OR 
2216837, OR 
2318770, OR 
2333764, OR 
2246035, OR 
2141313, OR 
2300606, OR 
2247411, OR 
2213870, OR 
2240950, OR 
2201538, OR 
2203815, OR 
2222546, OR 
2224871, OR 
2203418, OR 
2320742, OR 
2137956, OR 
2137975, OR 
2244994, OR 
2201810, OR 
2219266, OR 
2233205, OR 
2121436, OR 
2215245, OR 
2219435, OR 
2321572, OR 
2219657, OR 
2219658, OR 
2307031, OR 
2326704, OR 
2337236, OR 
2332097, OR 
2326983, OR 
2122673, OR 
2144373, OR 
2215675, OR 
2219433, OR 
2229833, OR 
2302977, OR 
2328907, OR 
2240944, OR 
2243117, OR 
2223811, OR 
2220733, OR 
2241759, OR 
2244064, OR 
2321788, OR 
2327263, OR 
2144117, OR 
2240728, OR 
2230616, OR 
2210675, OR 
2416332, OR 
2416344, OR 
2331984, OR 
2331287, OR 
2334319, OR 
2334272, OR 
2303483, OR 
2152264, OR 
2332003, OR 
2329530, OR 
2244195, OR 
2222530, OR 
2131750, OR 
2142120, OR 
2242879, OR 
2204738, OR 
2324642, OR 
2313749, OR 
2325484, OR 
2130006, OR 
2244275, OR 
2334275, OR 
2141192, OR 
2322023, OR 
2322329, OR 
2121364, OR 
2209030, OR 
2222482, OR 
2318357, OR 
2321623, OR 
2227916, OR 
2400680, OR 
2308200, OR 
2245265, OR 
2312594, OR 
2227307, OR 
2244715, OR 
2221771, OR 
2237814, OR 
2149257, OR 
2221912, OR 
2316364, OR 
2344903, OR 
2203860, OR 
2220836, OR 
2410022, OR 
2342550, OR 
2338676, OR 
2310326, OR 
2344357, OR 
2222289, OR 
2141281, OR 
2326257, OR 
2243163, OR 
2214455, OR 
2327372, OR 
2322178, OR 
2202639, OR 
2209643, OR 
2305495, OR 
2142314, OR 
2142381, OR 
2229008, OR 
2223907, OR 
2241350, OR 
2321316, OR 
2219807, OR 
2231681, OR 
2233251, OR 
2147138, OR 
2147137, OR 
2141956, OR 
2141988, OR 
2142628, OR 
2335009, OR 
2214387, OR 
2244460, OR 
2314858, OR 
2207028, OR 
2304358, OR 
2301936, OR 
2326962, OR 
2417580, OR 
2225211, OR 
2402471, OR 
2302609, OR 
2130277, OR 
2334679, OR 
2219650, OR 
2142122, OR 
2414651, OR 
2322593, OR 
2200484, OR 
2325760, OR 
2331975, OR 
2244705, OR 
2135734, OR 
2324413, OR 
2322535, OR 
2219558, OR 
2200456, OR 
2200365, OR 
2304456, OR 
2232491, OR 
2217637, OR 
2243394, OR 
2324359, OR 
2324414, OR 
2236579, OR 
2324412, OR 
2245530, OR 
2221423, OR 
2401066, OR 
2411530, OR 
2411529, OR 
2402003, OR 
2346631, OR 
2147727, OR 
2225201, OR 
2304837, OR 
2217532, OR 
2317424, OR 
2237564, OR 
2201808, OR 
2201255, OR 
2204743, OR 
2144374, OR 
2319234, OR 
2318338, OR 
2244283, OR 
2321390, OR 
2145961, OR 
2143173, OR 
2216167, OR 
2241057, OR 
2332699, OR 
2333228, OR 
2350239, OR 
2147305, OR 
2213826, OR 
2209257, OR 
2239445, OR 
2305516, OR 
2151035, OR 
2349250, OR 
2141345, OR 
2218671, OR 
2151122, OR 
2216438, OR 
2331072, OR 
2306759, OR 
2314184, OR 
2219314, OR 
2141721, OR 
2150106, OR 
2348499, OR 
2221052, OR 
2304420, OR 
2344806, OR 
2150484, OR 
2150363, OR 
2152288, OR 
2152303, OR 
2241522, OR 
2241521, OR 
2322319, OR 
2316034, OR 
2334337, OR 
2228603, OR 
2225948, OR 
2319137, OR 
2210107, OR 
2219562, OR 
2310457, OR 
2152456, OR 
2138040, OR 
2149750, OR 
2149748, OR 
2148920, OR 
2141916, OR 
2214995, OR 
2218607, OR 
2149747, OR 
2312413, OR 
2147325, OR 
2301570, OR 
2147284, OR 
2147258, OR 
2147194, OR 
2147193, OR 
2201019, OR 
2315596, OR 
2238564, OR 
2315879, OR 
2315709, OR 
2201020, OR 
2319501, OR 
2330437, OR 
2321215, OR 
2147256, OR 
2147946, OR 
2243983, OR 
2303074, OR 
2152834, OR 
2142490, OR 
2142594, OR 
2142439, OR 
2306226, OR 
2317764, OR 
2310967, OR 
2234708, OR 
2202290, OR 
2333737, OR 
2306085, OR 
2328254, OR 
2302720, OR 
2224973, OR 
2306150, OR 
2244423, OR 
2246236, OR 
2244427, OR 
2338365, OR 
2233805, OR 
2142783, OR 
2321087, OR 
2224177, OR 
2318013, OR 
2246411, OR 
2142503, OR 
2311961, OR 
2301090, OR 
2344507, OR 
2401291, OR 
2216852, OR 
2246034, OR 
2332606, OR 
2241023, OR 
2318184, OR 
2244772, OR 
2242530, OR 
2231280, OR 
2400749, OR 
2402308, OR 
2316830, OR 
2325516, OR 
2334509, OR 
2420094, OR 
2227820, OR 
2320707, OR 
2316958, OR 
2233905, OR 
2203664, OR 
2307048, OR 
2153747, OR 
2151351, OR 
2153749, OR 
2228188, OR 
2308599, OR 
2207348, OR 
2228213, OR 
2139987, OR 
2304076, OR 
2218139, OR 
2139986, OR 
2233004, OR 
2318343, OR 
2150886, OR 
2217891, OR 
2233395, OR 
2141326, OR 
2141328, OR 
2247282, OR 
2302436, OR 
2200633, OR 
2308706, OR 
2222529, OR 
2334957, OR 
2247283, OR 
2225832, OR 
2322497, OR 
2232475, OR 
2145398, OR 
2202065, OR 
2230770, OR 
2202051, OR 
2312863, OR 
2324487, OR 
2244553, OR 
2200990, OR 
2218904, OR 
2304322, OR 
2342700, OR 
2206997, OR 
2153108, OR 
2221046, OR 
2206996, OR 
2206140, OR 
2224644, OR 
2142189, OR 
2142174, OR 
2142143, OR 
2236466, OR 
2223676, OR 
2142153, OR 
2142187, OR 
2325593, OR 
2223689, OR 
2228620, OR 
2224303, OR 
2316317, OR 
2231078, OR 
2231632, OR 
2334431, OR 
2203457, OR 
2230000, OR 
2327032, OR 
2201796, OR 
2216286, OR 
2201798, OR 
2222393, OR 
2219522, OR 
2305721, OR 
2201799, OR 
2201797, OR 
2150091, OR 
2306625, OR 
2407056, OR 
2324552, OR 
2220912, OR 
2201663, OR 
2221298, OR 
2243398, OR 
2246036, OR 
2343306, OR 
2312129, OR 
2243328, OR 
2409848, OR 
2137168, OR 
2233683, OR 
2315595, OR 
2213443, OR 
2244450, OR 
2243434, OR 
2217021, OR 
2204540, OR 
2218045, OR 
2202038, OR 
2204389, OR 
2239664, OR 
2247976, OR 
2150520, OR 
2316831, OR 
2331219, OR 
2215138, OR 
2205573, OR 
2153776, OR 
2302815, OR 
2230504, OR 
2121376, OR 
2219043, OR 
2316809, OR 
2216592, OR 
2201305, OR 
2201306, OR 
2201307, OR 
2400028, OR 
2211243, OR 
2211242, OR 
2302976, OR 
2233124, OR 
2200066, OR 
2310205, OR 
2343682, OR 
2153730, OR 
2243491, OR 
2211993, OR 
2306577, OR 
2228242, OR 
2336207, OR 
2300497, OR 
2317077, OR 
2247399, OR 
2211994, OR 
2150195, OR 
2306263, OR 
2306262, OR 
2242643, OR 
2241701, OR 
2215003, OR 
2141007, OR 
2204741, OR 
2153410, OR 
2145520, OR 
2344570, OR 
2234206, OR 
2319512, OR 
2217189, OR 
2150358, OR 
2148556, OR 
2225209, OR 
2243220, OR 
2207372, OR 
2243339, OR 
2216567, OR 
2246111, OR 
2301066, OR 
2330015, OR 
2211811, OR 
2332525, OR 
2331502, OR 
2150347, OR 
2147136, OR 
2151046, OR 
2146278, OR 
2225362, OR 
2224262, OR 
2231254, OR 
2228471, OR 
2316265, OR 
2142638, OR 
2236093, OR 
2207299, OR 
2154938, OR 
2339338, OR 
2330305, OR 
2218846, OR 
2317254, OR 
2240309, OR 
2238030, OR 
2401305, OR 
2222375, OR 
2326276, OR 
2345076, OR 
2222234, OR 
2345084, OR 
2149281, OR 
2228849, OR 
2316747, OR 
2219635, OR 
2227544, OR 
2327153, OR 
2214718, OR 
2317572, OR 
2230648, OR 
2220835, OR 
2219614, OR 
2332037, OR 
2334391, OR 
2245762, OR 
2231905, OR 
2315905, OR 
2151027, OR 
2318730, OR 
2222147, OR 
2220296, OR 
2203727, OR 
2306176, OR 
2224946, OR 
2209429, OR 
2204537, OR 
2203917, OR 
2204073, OR 
2204431, OR 
2204305, OR 
2300380, OR 
2314101, OR 
2140246, OR 
2140867, OR 
2309293, OR 
2309294, OR 
2309297, OR 
2309295, OR 
2309292, OR 
2345086, OR 
2308660, OR 
2209419, OR 
2154923, OR 
2237142, OR 
2142846, OR 
2154028, OR 
2208697, OR 
2147116, OR 
2237007, OR 
2235794, OR 
2228259, OR 
2334059, OR 
2154547, OR 
2309847, OR 
2208818, OR 
2309936, OR 
2324899, OR 
2309290, OR 
2309296, OR 
2321946, OR 
2144121, OR 
2244403, OR 
2212324, OR 
2336387, OR 
2310013, OR 
2309289, OR 
2329405, OR 
2348279, OR 
2307307, OR 
2309291, OR 
2320148, OR 
2335060, OR 
2300800, OR 
2320147, OR 
2316382, OR 
2310698, OR 
2206602, OR 
2205900, OR 
2216898, OR 
2235863, OR 
2348711, OR 
2206264, OR 
2206263, OR 
2139310, OR 
2325608, OR 
2330886, OR 
2211784, OR 
2211785, OR 
2223756, OR 
2306044, OR 
2208189, OR 
2230355, OR 
2236491, OR 
2346567, OR 
2208182, OR 
2135329, OR 
2135328, OR 
2148731, OR 
2148730, OR 
2316849, OR 
2321234, OR 
2212438, OR 
2214516, OR 
2200506, OR 
2150299, OR 
2222810, OR 
2222730, OR 
2246364, OR 
2304844, OR 
2222670, OR 
2225180, OR 
2304213, OR 
2217718, OR 
2308532, OR 
2230462, OR 
2315432, OR 
2325316, OR 
2202016, OR 
2311369, OR 
2220890, OR 
2303986, OR 
2221890, OR 
2218110, OR 
2316986, OR 
2318276, OR 
2329910, OR 
2235560, OR 
2333305, OR 
2318274, OR 
2242443, OR 
2318277, OR 
2318275, OR 
2227918, OR 
2315269, OR 
2214952, OR 
2144072, OR 
2232647, OR 
2315346, OR 
2315720, OR 
2117083, OR 
2228162, OR 
2228135, OR 
2317317, OR 
2319639, OR 
2327418, OR 
2301038, OR 
2226007, OR 
2211818, OR 
2332232, OR 
2150204, OR 
2201929, OR 
2201930, OR 
2201466, OR 
2201083, OR 
2142330, OR 
2328241, OR 
2227258, OR 
2155070, OR 
2155071, OR 
2155072, OR 
2315480, OR 
2312932, OR 
2144915, OR 
2141955, OR 
2150369, OR 
2401203, OR 
2315909, OR 
2244129, OR 
2206803, OR 
2308358, OR 
2315755, OR 
2225223, OR 
2243471, OR 
2318288, OR 
2247689, OR 
2231654, OR 
2329473, OR 
2215353, OR 
2310305, OR 
2215700, OR 
2212050, OR 
2142671, OR 
2142383, OR 
2216687, OR 
2216694, OR 
2216513, OR 
2213735, OR 
2213733, OR 
2234973, OR 
2244674, OR 
2241751, OR 
2306556, OR 
2245323, OR 
2312930, OR 
2218421, OR 
2145277, OR 
2219389, OR 
2149899, OR 
2315868, OR 
2306717, OR 
2316896, OR 
2334197, OR 
2334196, OR 
2301350, OR 
2318546, OR 
2315399, OR 
2220898, OR 
2220358, OR 
2222880, OR 
2222881, OR 
2222476, OR 
2200648, OR 
2230610, OR 
2306658, OR 
2222475, OR 
2336815, OR 
2414792, OR 
2145340, OR 
2315400, OR 
2315401, OR 
2306265, OR 
2212690, OR 
2219365, OR 
2309335, OR 
2221479, OR 
2313996, OR 
2231419, OR 
2402193, OR 
2138242, OR 
2309184, OR 
2344788, OR 
2337943, OR 
2349179, OR 
2243955, OR 
2313644, OR 
2227091, OR 
2246372, OR 
2312738, OR 
2401544, OR 
2349611, OR 
2407094, OR 
2330533, OR 
2139265, OR 
2220907, OR 
2240885, OR 
2304106, OR 
2314600, OR 
2221637, OR 
2329292, OR 
2239629, OR 
2201611, OR 
2314599, OR 
2244455, OR 
2219623, OR 
2235568, OR 
2314597, OR 
2314598, OR 
2308622, OR 
2215258, OR 
2228533, OR 
2153690, OR 
2349755, OR 
2216629, OR 
2219953, OR 
2204746, OR 
2227756, OR 
2228510, OR 
2322341, OR 
2318290, OR 
2143882, OR 
2339761, OR 
2340482, OR 
2246079, OR 
2329684, OR 
2322073, OR 
2221994, OR 
2247929, OR 
2318413, OR 
2317283, OR 
2145861, OR 
2306067, OR 
2148715, OR 
2244453, OR 
2321195, OR 
2324594, OR 
2344020, OR 
2233912, OR 
2239834, OR 
2221996, OR 
2221995, OR 
2220724, OR 
2230036, OR 
2230636, OR 
2203578, OR 
2150727, OR 
2150680, OR 
2219443, OR 
2226451, OR 
2219489, OR 
2227641, OR 
2330274, OR 
2247666, OR 
2330011, OR 
2207215, OR 
2317002, OR 
2222369, OR 
2314440, OR 
2326060, OR 
2318807, OR 
2226475, OR 
2226383, OR 
2200426, OR 
2316154, OR 
2320318, OR 
2225095, OR 
2317453, OR 
2310678, OR 
2331317, OR 
2221922, OR 
2221894, OR 
2227649, OR 
2227265, OR 
2227573, OR 
2220536, OR 
2312836, OR 
2110343, OR 
2224825, OR 
2216394, OR 
2339387, OR 
2143779, OR 
2312927, OR 
2331066, OR 
2305600, OR 
2303539, OR 
2314980, OR 
2235935, OR 
2245141, OR 
2227527, OR 
2213541, OR 
2220535, OR 
2218791, OR 
2148554, OR 
2206941, OR 
2401444, OR 
2315696, OR 
2305202, OR 
2413856, OR 
2413654, OR 
2154893, OR 
2149607, OR 
2315699, OR 
2339254, OR 
2315701, OR 
2331116, OR 
2411614, OR 
2315700, OR 
2315697, OR 
2315698, OR 
2317551, OR 
2338253, OR 
2316218, OR 
2323120, OR 
2221854, OR 
2151296, OR 
2326678, OR 
2228765, OR 
2234055, OR 
2225207, OR 
2346626, OR 
2308618, OR 
2215613, OR 
2136977, OR 
2300950, OR 
2142136, OR 
2217253, OR 
2334228, OR 
2334103, OR 
2202204, OR 
2309030, OR 
2215409, OR 
2327488, OR 
2235649, OR 
2350522, OR 
2225321, OR 
2142587, OR 
2203231, OR 
2234976, OR 
2219611, OR 
2328991, OR 
2243510, OR 
2323419, OR 
2304241, OR 
2345052, OR 
2306194, OR 
2232826, OR 
2203230, OR 
2330504, OR 
2150290, OR 
2404775, OR 
2343236, OR 
2343235, OR 
2150813, OR 
2148928, OR 
2239780, OR 
2148008, OR 
2306216, OR 
2213926, OR 
2342821, OR 
2320886, OR 
2142073, OR 
2333904, OR 
2240813, OR 
2148555, OR 
2331195, OR 
2234517, OR 
2311762, OR 
2242087, OR 
2234516, OR 
2230034, OR 
2230035, OR 
2335235, OR 
2335236, OR 
2138447, OR 
2138372, OR 
2138352, OR 
2234281, OR 
2314089, OR 
2315760, OR 
2312834, OR 
2331038, OR 
2246687, OR 
2153675, OR 
2333790, OR 
2235473, OR 
2228559, OR 
2327563, OR 
2145803, OR 
2237149, OR 
2239829, OR 
2324987, OR 
2200130, OR 
2237461, OR 
2310739, OR 
2154079, OR 
2229143, OR 
2146262, OR 
2148739, OR 
2308600, OR 
2202943, OR 
2238680, OR 
2415592, OR 
2328478, OR 
2310925, OR 
2404066, OR 
2315727, OR 
2315315, OR 
2346566, OR 
2222061, OR 
2315683, OR 
2334587, OR 
2329716, OR 
2243212, OR 
2136642, OR 
2217908, OR 
2315782, OR 
2315479, OR 
2315695, OR 
2228534, OR 
2319988, OR 
2308705, OR 
2213700, OR 
2317284, OR 
2215401, OR 
2306012, OR 
2332802, OR 
2239977, OR 
2414922, OR 
2323131, OR 
2324460, OR 
2213001, OR 
2213322, OR 
2305663, OR 
2305812, OR 
2305659, OR 
2305844, OR 
2204565, OR 
2204589, OR 
2305226, OR 
2313938, OR 
2209112, OR 
2209313, OR 
2244371, OR 
2241730, OR 
2232582, OR 
2232581, OR 
2148704, OR 
2148705, OR 
2302968, OR 
2302970, OR 
2213324, OR 
2213284, OR 
2213126, OR 
2316452, OR 
2316566, OR 
2305964, OR 
2305730, OR 
2209133, OR 
2209128, OR 
2316687, OR 
2316651, OR 
2316504, OR 
2313797, OR 
2204269, OR 
2204152, OR 
2208937, OR 
2209377, OR 
2105389, OR 
2213159, OR 
2213292, OR 
2212983, OR 
2213210, OR 
2316528, OR 
2316541, OR 
2316630, OR 
2305910, OR 
2305725, OR 
2305959, OR 
2305456, OR 
2305876, OR 
2305707, OR 
2305817, OR 
2208944, OR 
2316666, OR 
2316699, OR 
2316063, OR 
2316689, OR 
2316685, OR 
2316538, OR 
2316535, OR 
2204440, OR 
2305465, OR 
2313733, OR 
2313957, OR 
2204085, OR 
2202185, OR 
2209043, OR 
2209109, OR 
2209411, OR 
2209278, OR 
2209219, OR 
2208903, OR 
2208822, OR 
2209232, OR 
2209150, OR 
2209018, OR 
2212881, OR 
2203810, OR 
2204376, OR 
2305578, OR 
2209203, OR 
2208912, OR 
2144080, OR 
2115781, OR 
2302969, OR 
2324916, OR 
2319553, OR 
2143578, OR 
2129302, OR 
2155232, OR 
2340731, OR 
2244480, OR 
2239067, OR 
2402338, OR 
2316749, OR 
2331170, OR 
2223338, OR 
2134912, OR 
2302688, OR 
2303037, OR 
2303038, OR 
2226779, OR 
2148753, OR 
2228805, OR 
2333819, OR 
2334551, OR 
2142657, OR 
2420364, OR 
2326924, OR 
2222096, OR 
2142516, OR 
2241810, OR 
2241809, OR 
2245854, OR 
2243853, OR 
2243808, OR 
2247959, OR 
2344945, OR 
2322047, OR 
2149446, OR 
2314435, OR 
2244218, OR 
2315725, OR 
2203911, OR 
2217111, OR 
2317099, OR 
2331881, OR 
2328549, OR 
2203680, OR 
2224767, OR 
2315862, OR 
2224766, OR 
2241670, OR 
2329416, OR 
2240343, OR 
2241669, OR 
2241671, OR 
2246258, OR 
2246257, OR 
2316547, OR 
2224421, OR 
2245879, OR 
2245877, OR 
2245878, OR 
2241982, OR 
2216584, OR 
2414042, OR 
2243722, OR 
2247723, OR 
2238208, OR 
2242538, OR 
2223670, OR 
2228486, OR 
2337535, OR 
2204893, OR 
2306053, OR 
2308405, OR 
2238410, OR 
2221516, OR 
2311102, OR 
2302564, OR 
2212146, OR 
2055375, OR 
2240388, OR 
2312931, OR 
2321164, OR 
2245223, OR 
2423820, OR 
2144184, OR 
2143904, OR 
2243624, OR 
2153083, OR 
2317485, OR 
2313219, OR 
2247212, OR 
2228455, OR 
2214279, OR 
2318586, OR 
2139075, OR 
2236138, OR 
2320171, OR 
2236887, OR 
2337974, OR 
2217691, OR 
2241805, OR 
2147839, OR 
2326749, OR 
2328140, OR 
2247574, OR 
2247575, OR 
2309668, OR 
2309667, OR 
2154204, OR 
2325378, OR 
2201809, OR 
2317542, OR 
2220292, OR 
2236961, OR 
2237479, OR 
2306092, OR 
2149810, OR 
2244111, OR 
2149053, OR 
2314061, OR 
2151311, OR 
2420369, OR 
2215074, OR 
2126662, OR 
2228307, OR 
2329928, OR 
2228588, OR 
2232885, OR 
2414440, OR 
2335184, OR 
2332592, OR 
2401696, OR 
2346653, OR 
2149809, OR 
2147526, OR 
2222697, OR 
2328906, OR 
2238672, OR 
2416046, OR 
2149811, OR 
2230728, OR 
2244215, OR 
2153605, OR 
2312737, OR 
2209776, OR 
2341434, OR 
2326811, OR 
2245971, OR 
2245975, OR 
2245973, OR 
2245974, OR 
2245970, OR 
2245972, OR 
2201312, OR 
2324302, OR 
2228617, OR 
2303353, OR 
2330670, OR 
2243116, OR 
2221556, OR 
2324616, OR 
2234666, OR 
2146056, OR 
2143662, OR 
2154772, OR 
2403517, OR 
2325415, OR 
2313755, OR 
2237177, OR 
2239537, OR 
2145051, OR 
2334829, OR 
2217499, OR 
2201313, OR 
2307410, OR 
2307411, OR 
2139311, OR 
2226183, OR 
2307412, OR 
2307413, OR 
2312047, OR 
2312048, OR 
2314158, OR 
2348999, OR 
2324052, OR 
2307748, OR 
2325822, OR 
2322496, OR 
2216676, OR 
2300725, OR 
2300457, OR 
2202043, OR 
2327431, OR 
2309651, OR 
2309652, OR 
2316077, OR 
2215859, OR 
2216838, OR 
2318300, OR 
2345273, OR 
2121240, OR 
2332924, OR 
2150251, OR 
2247728, OR 
2213611, OR 
2222452, OR 
2318048, OR 
2153668, OR 
2244219, OR 
2130402, OR 
2111010, OR 
2244221, OR 
2244220, OR 
2202236, OR 
2346425, OR 
2301196, OR 
2243938, OR 
2336929, OR 
2304093, OR 
2339223, OR 
2213432, OR 
2340095, OR 
2314708, OR 
2245796, OR 
2218577, OR 
2309307, OR 
2301197, OR 
2149957, OR 
2318808, OR 
2325765, OR 
2201148, OR 
2235861, OR 
2236270, OR 
2221511, OR 
2230235, OR 
2238852, OR 
2337069, OR 
2128543, OR 
2300766, OR 
2224195, OR 
2213408, OR 
2224611, OR 
2301650, OR 
2235244, OR 
2247636, OR 
2301095, OR 
2209438, OR 
2228470, OR 
2408969, OR 
2324598, OR 
2247645, OR 
2152908, OR 
2326141, OR 
2316075, OR 
2329394, OR 
2154829, OR 
2235289, OR 
2207577, OR 
2142487, OR 
2323159, OR 
2246845, OR 
2236493, OR 
2238682, OR 
2319260, OR 
2138057, OR 
2233279, OR 
2317780, OR 
2200838, OR 
2305330, OR 
2305592, OR 
2205612, OR 
2232563, OR 
2331551, OR 
2235243, OR 
2332342, OR 
2331553, OR 
2204099, OR 
2204552, OR 
2149591, OR 
2317148, OR 
2150064, OR 
2140647, OR 
2153614, OR 
2317318, OR 
2214482, OR 
2346701, OR 
2202413, OR 
2318346, OR 
2239602, OR 
2150400, OR 
2228419, OR 
2317319, OR 
2218494, OR 
2246531, OR 
2246530, OR 
2153641, OR 
2219495, OR 
2233201, OR 
2150323, OR 
2316746, OR 
2225241, OR 
2207241, OR 
2148014, OR 
2308398, OR 
2314681, OR 
2314680, OR 
2247938, OR 
2247939, OR 
2151134, OR 
2244597, OR 
2209613, OR 
2305251, OR 
2345651, OR 
2305252, OR 
2221696, OR 
2243400, OR 
2317748, OR 
2218860, OR 
2154203, OR 
2303485, OR 
2221949, OR 
2203791, OR 
2221947, OR 
2235760, OR 
2331549, OR 
2202428, OR 
2334744, OR 
2221067, OR 
2349282, OR 
2304546, OR 
2205536, OR 
2342587, OR 
2223470, OR 
2324974, OR 
2244445, OR 
2234351, OR 
2221948, OR 
2225729, OR 
2201102, OR 
2327715, OR 
2316400, OR 
2316502, OR 
2409890, OR 
2221463, OR 
2221225, OR 
2308738, OR 
2201101, OR 
2227548, OR 
2316991, OR 
2201103, OR 
2243444, OR 
2324666, OR 
2246962, OR 
2201214, OR 
2140696, OR 
2215382, OR 
2331890, OR 
2200447, OR 
2222427, OR 
2236057, OR 
2216826, OR 
2318386, OR 
2235645, OR 
2318196, OR 
2324502, OR 
2243733, OR 
2240194, OR 
2226539, OR 
2219702, OR 
2316076, OR 
2309468, OR 
2144918, OR 
2152468, OR 
2147528, OR 
2308698, OR 
2145308, OR 
2242266, OR 
2218913, OR 
2322574, OR 
2337630, OR 
2305981, OR 
2216704, OR 
2324640, OR 
2216648, OR 
2216011, OR 
2216550, OR 
2315607, OR 
2310633, OR 
2240535, OR 
2310664, OR 
2333703, OR 
2239760, OR 
2150152, OR 
2348782, OR 
2242542, OR 
2321399, OR 
2329570, OR 
2305370, OR 
2306341, OR 
2241576, OR 
2219700, OR 
2326716, OR 
2309090, OR 
2322594, OR 
2138234, OR 
2230609, OR 
2242654, OR 
2314915, OR 
2150364, OR 
2115921, OR 
2216023, OR 
2241380, OR 
2321069, OR 
2314916, OR 
2228485, OR 
2153775, OR 
2338043, OR 
2246853, OR 
2148889, OR 
2324961, OR 
2244231, OR 
2143004, OR 
2339174, OR 
2405614, OR 
2327208, OR 
2314850, OR 
2314918, OR 
2314917, OR 
2210726, OR 
2210456, OR 
2244594, OR 
2219703, OR 
2218101, OR 
2237124, OR 
2218100, OR 
2244995, OR 
2334040, OR 
2143286, OR 
2340170, OR 
2215573, OR 
2313928, OR 
2239257, OR 
2226708, OR 
2241095, OR 
2315875, OR 
2315876, OR 
2217538, OR 
2247530, OR 
2315834, OR 
2216356, OR 
2315836, OR 
2242041, OR 
2322454, OR 
2216595, OR 
2334243, OR 
2247898, OR 
2315835, OR 
2314156, OR 
2246336, OR 
2244497, OR 
2217057, OR 
2314092, OR 
2314155, OR 
2315088, OR 
2315087, OR 
2149950, OR 
2314894, OR 
2334268, OR 
2237986, OR 
2334642, OR 
2313009, OR 
2231771, OR 
2346615, OR 
2219913, OR 
2315943, OR 
2217354, OR 
2315944, OR 
2327792, OR 
2327791, OR 
2327790, OR 
2225104, OR 
2243417, OR 
2225405, OR 
2313767, OR 
2348998, OR 
2244182, OR 
2344508, OR 
2149555, OR 
2210142, OR 
2313768, OR 
2221570, OR 
2153715, OR 
2221571, OR 
2329987, OR 
2323037, OR 
2244438, OR 
2243329, OR 
2244439, OR 
2317714, OR 
2148534, OR 
2321179, OR 
2223488, OR 
2305009, OR 
2303585, OR 
2144836, OR 
2304952, OR 
2317713, OR 
2145247, OR 
2403963, OR 
2332311, OR 
2204304, OR 
2333435, OR 
2222063, OR 
2225635, OR 
2205080, OR 
2240372, OR 
2243686, OR 
2205654, OR 
2205329, OR 
2205289, OR 
2331969, OR 
2300558, OR 
2314275, OR 
2213711, OR 
2330652, OR 
2135316, OR 
2320933, OR 
2219865, OR 
2314434, OR 
2315456, OR 
2241650, OR 
2337772, OR 
2228283, OR 
2342547, OR 
2214258, OR 
2241647, OR 
2314519, OR 
2241654, OR 
2226116, OR 
2230811, OR 
2333129, OR 
2230388, OR 
2334336, OR 
2223827, OR 
2243586, OR 
2311323, OR 
2223669, OR 
2302112, OR 
2240675, OR 
2327862, OR 
2329470, OR 
2228699, OR 
2215421, OR 
2341402, OR 
2226025, OR 
2317272, OR 
2201943, OR 
2322122, OR 
2201545, OR 
2154646, OR 
2220615, OR 
2329579, OR 
2316030, OR 
2302813, OR 
2231261, OR 
2302975, OR 
2148553, OR 
2333881, OR 
2324544, OR 
2144082, OR 
2337176, OR 
2144887, OR 
2238878, OR 
2143557, OR 
2218248, OR 
2229690, OR 
2216654, OR 
2235366, OR 
2229168, OR 
2234039, OR 
2145455, OR 
2339319, OR 
2145631, OR 
2322672, OR 
2315402, OR 
2239690, OR 
2334784, OR 
2327172, OR 
2328741, OR 
2243973, OR 
2218044, OR 
2305476, OR 
2224760, OR 
2240660, OR 
2227402, OR 
2406786, OR 
2306799, OR 
2217943, OR 
2305569, OR 
2245181, OR 
2322701, OR 
2322700, OR 
2322699, OR 
2142149, OR 
2219492, OR 
2219491, OR 
2137375, OR 
2216857, OR 
2224824, OR 
2140601, OR 
2140922, OR 
2204380, OR 
2329678, OR 
2324421, OR 
2245435, OR 
2150262, OR 
2243353, OR 
2349452, OR 
2244546, OR 
2239004, OR 
2135669, OR 
2335839, OR 
2315881, OR 
2324402, OR 
2222647, OR 
2311978, OR 
2222007, OR 
2143811, OR 
2329919, OR 
2402691, OR 
2211439, OR 
2224051, OR 
2310937, OR 
2225941, OR 
2322988, OR 
2315967, OR 
2311140, OR 
2331431, OR 
2233187, OR 
2331430, OR 
2200706, OR 
2152814, OR 
2331586, OR 
2331583, OR 
2331584, OR 
2242867, OR 
2238363, OR 
2231900, OR 
2318247, OR 
2204516, OR 
2209660, OR 
2338313, OR 
2331585, OR 
2142377, OR 
2228173, OR 
2306690, OR 
2331582, OR 
2145241, OR 
2235130, OR 
2305426, OR 
2332022, OR 
2303352, OR 
2340765, OR 
2146398, OR 
2218595, OR 
2144542, OR 
2150296, OR 
2340394, OR 
2332021, OR 
2321925, OR 
2141283, OR 
2147361, OR 
2332023, OR 
2224778, OR 
2215219, OR 
2240900, OR 
2309891, OR 
2216359, OR 
2316453, OR 
2325493, OR 
2325494, OR 
2210841, OR 
2217985, OR 
2145240, OR 
2333448, OR 
2222043, OR 
2304646, OR 
2210844, OR 
2210842, OR 
2210843, OR 
2212419, OR 
2247964, OR 
2225203, OR 
2213444, OR 
2133396, OR 
2141744, OR 
2212418, OR 
2152210, OR 
2137261, OR 
2144443, OR 
2310557, OR 
2201974, OR 
2141730, OR 
2141737, OR 
2329408, OR 
2235518, OR 
2235421, OR 
2124741, OR 
2348914, OR 
2236074, OR 
2217427, OR 
2228444, OR 
2329293, OR 
2225260, OR 
2235595, OR 
2306052, OR 
2142246, OR 
2218662, OR 
2303305, OR 
2341832, OR 
2401096, OR 
2320980, OR 
2228457, OR 
2226936, OR 
2239556, OR 
2225845, OR 
2150083, OR 
2235681, OR 
2410621, OR 
2326134, OR 
2325197, OR 
2309183, OR 
2318394, OR 
2321243, OR 
2314930, OR 
2315453, OR 
2236163, OR 
2236374, OR 
2318293, OR 
2313849, OR 
2221498, OR 
2203216, OR 
2222547, OR 
2234319, OR 
2314179, OR 
2149293, OR 
2333740, OR 
2217780, OR 
2225247, OR 
2334389, OR 
2150478, OR 
2216308, OR 
2318341, OR 
2247646, OR 
2148971, OR 
2216721, OR 
2134624, OR 
2317550, OR 
2336125, OR 
2204726, OR 
2346564, OR 
2147527, OR 
2310895, OR 
2237371, OR 
2215332, OR 
2154238, OR 
2334267, OR 
2318232, OR 
2243465, OR 
2152365, OR 
2237580, OR 
2314112, OR 
2230723, OR 
2325720, OR 
2235621, OR 
2144700, OR 
2309809, OR 
2229033, OR 
2201304, OR 
2153560, OR 
2319006, OR 
2332409, OR 
2242907, OR 
2313979, OR 
2332263, OR 
2213549, OR 
2213550, OR 
2242647, OR 
2314100, OR 
2328182, OR 
2153891, OR 
2327826, OR 
2124533, OR 
2224777, OR 
2321091, OR 
2227627, OR 
2243725, OR 
2143755, OR 
2145049, OR 
2206932, OR 
2405548, OR 
2215153, OR 
2309944, OR 
2145565, OR 
2222453, OR 
2334631, OR 
2232367, OR 
2228013, OR 
2243778, OR 
2305559, OR 
2328183, OR 
2308517, OR 
2227018, OR 
2238701, OR 
2340761, OR 
2210566, OR 
2237658, OR 
2330922, OR 
2330924, OR 
2330923, OR 
2321384, OR 
2230615, OR 
2245575, OR 
2213917, OR 
2241738, OR 
2339836, OR 
2230240, OR 
2140765, OR 
2235954, OR 
2331880, OR 
2328743, OR 
2331938, OR 
2331937, OR 
2344877, OR 
2229070, OR 
2332081, OR 
2217188, OR 
2149871, OR 
2227959, OR 
2203287, OR 
2225762, OR 
2316968, OR 
2332082, OR 
2224205, OR 
2224203, OR 
2154049, OR 
2204838, OR 
2243991, OR 
2201862, OR 
2225648, OR 
2244665, OR 
2138378, OR 
2140638, OR 
2224801, OR 
2144859, OR 
2224204, OR 
2324303, OR 
2308306, OR 
2324657, OR 
2230301, OR 
2243364, OR 
2228202, OR 
2224779, OR 
2225206, OR 
2329886, OR 
2235774, OR 
2215185, OR 
2331732, OR 
2321205, OR 
2113505, OR 
2205603, OR 
2309311, OR 
2309308, OR 
2309310, OR 
2146359, OR 
2329485, OR 
2322502, OR 
2323732, OR 
2240299, OR 
2244313, OR 
2317606, OR 
2331942, OR 
2228357, OR 
2229666, OR 
2319775, OR 
2349002, OR 
2135720, OR 
2342239, OR 
2241787, OR 
2217370, OR 
2241785, OR 
2316402, OR 
2228698, OR 
2228064, OR 
2241786, OR 
2231763, OR 
2231762, OR 
2320196, OR 
2308646, OR 
2231760, OR 
2231761, OR 
2201324, OR 
2343439, OR 
2316584, OR 
2345334, OR 
2348924, OR 
2150298, OR 
2146363, OR 
2145011, OR 
2145105, OR 
2333882, OR 
2241536, OR 
2245250, OR 
2140897, OR 
2201155, OR 
2325446, OR 
2225157, OR 
2150532, OR 
2236610, OR 
2230124, OR 
2335046, OR 
2338229, OR 
2149572, OR 
2244835, OR 
2244902, OR 
2331095, OR 
2150530, OR 
2346565, OR 
2147848, OR 
2345176, OR 
2236302, OR 
2138084, OR 
2323499, OR 
2309808, OR 
2204490, OR 
2335225, OR 
2244130, OR 
2238254, OR 
2236814, OR 
2213738, OR 
2231597, OR 
2303475, OR 
2215203, OR 
2217231, OR 
2326724, OR 
2138058, OR 
2235865, OR 
2243016, OR 
2228216, OR 
2150523, OR 
2239598, OR 
2138120, OR 
2137187, OR 
2144506, OR 
2231729, OR 
2141678, OR 
2142045, OR 
2141795, OR 
2141769, OR 
2233699, OR 
2233701, OR 
2233702, OR 
2244996, OR 
2147011, OR 
2222278, OR 
2210283, OR 
2342613, OR 
2238897, OR 
2210997, OR 
2312846, OR 
2230749, OR 
2233703, OR 
2224248, OR 
2326485, OR 
2224247, OR 
2146466, OR 
2138307, OR 
2348583, OR 
2413966, OR 
2100693, OR 
2414798, OR 
2305428, OR 
2245904, OR 
2329523, OR 
2236365, OR 
2150444, OR 
2220631, OR 
2307479, OR 
2141920, OR 
2327956, OR 
2145198, OR 
2228614, OR 
2246008, OR 
2238198, OR 
2242426, OR 
2246007, OR 
2247036, OR 
2246006, OR 
2246004, OR 
2318886, OR 
2129942, OR 
2215236, OR 
2342381, OR 
2208009, OR 
2203412, OR 
2232066, OR 
2317191, OR 
2234847, OR 
2303860, OR 
2229016, OR 
2309931, OR 
2330207, OR 
2310253, OR 
2310924, OR 
2246009, OR 
2230329, OR 
2246005, OR 
2148560, OR 
2148561, OR 
2146498, OR 
2221772, OR 
2317569, OR 
2140675, OR 
2242597, OR 
2221453, OR 
2136090, OR 
2345797, OR 
2202743, OR 
2149551, OR 
2240140, OR 
2215697, OR 
2216501, OR 
2302028, OR 
2150961, OR 
2220295, OR 
2212981, OR 
2334371, OR 
2325413, OR 
2313104, OR 
2235461, OR 
2245960, OR 
2245958, OR 
2321123, OR 
2245959, OR 
2201446, OR 
2217685, OR 
2340982, OR 
2310656, OR 
2223486, OR 
2212960, OR 
2316870, OR 
2335166, OR 
2147818, OR 
2327114, OR 
2230513, OR 
2240748, OR 
2208797, OR 
2145411, OR 
2143993, OR 
2142419, OR 
2240180, OR 
2314118, OR 
2244099, OR 
2217453, OR 
2224740, OR 
2223566, OR 
2341825, OR 
2150643, OR 
2336469, OR 
2204357, OR 
2148944, OR 
2143941, OR 
2317547, OR 
2233787, OR 
2225238, OR 
2334340, OR 
2233789, OR 
2233790, OR 
2233788, OR 
2149858, OR 
2149849, OR 
2149883, OR 
2243229, OR 
2211043, OR 
2150814, OR 
2220417, OR 
2345377, OR 
2218106, OR 
2237379, OR 
2241629, OR 
2229829, OR 
2152205, OR 
2152221, OR 
2207368, OR 
2151945, OR 
2152159, OR 
2152168, OR 
2152258, OR 
2317571, OR 
2341036, OR 
2223480, OR 
2324515, OR 
2324286, OR 
2145809, OR 
2209579, OR 
2239618, OR 
2238231, OR 
2240232, OR 
2330434, OR 
2314238, OR 
2349580, OR 
2205950, OR 
2110334, OR 
2334039, OR 
2342578, OR 
2324505, OR 
2218861, OR 
2321191, OR 
2152441, OR 
2334313, OR 
2310530, OR 
2234561, OR 
2324585, OR 
2300317, OR 
2126080, OR 
2146091, OR 
2228472, OR 
2245224, OR 
2341530, OR 
2312880, OR 
2318616, OR 
2318617, OR 
2236260, OR 
2148606, OR 
2223957, OR 
2349433, OR 
2301217, OR 
2236879, OR 
2210535, OR 
2312175, OR 
2244073, OR 
2345996, OR 
2303575, OR 
2208152, OR 
2326940, OR 
2231711, OR 
2310558, OR 
2204240, OR 
2323500, OR 
2204956, OR 
2210707, OR 
2327178, OR 
2236100, OR 
2318618, OR 
2318619, OR 
2234974, OR 
2316664, OR 
2146888, OR 
2317609, OR 
2234748, OR 
2130602, OR 
2336900, OR 
2246058, OR 
2222092, OR 
2212165, OR 
2301115, OR 
2301116, OR 
2316368, OR 
2316367, OR 
2316366, OR 
2240360, OR 
2240359, OR 
2323696, OR 
2142473, OR 
2137376, OR 
2322465, OR 
2235978, OR 
2244028, OR 
2219318, OR 
2338558, OR 
2243095, OR 
2308488, OR 
2330366, OR 
2242099, OR 
2235078, OR 
2207517, OR 
2150112, OR 
2200928, OR 
2327644, OR 
2323695, OR 
2153040, OR 
2345080, OR 
2217346, OR 
2216612, OR 
2316271, OR 
2217745, OR 
2319391, OR 
2246607, OR 
2314892, OR 
2244690, OR 
2328692, OR 
2308873, OR 
2236080, OR 
2309557, OR 
2222509, OR 
2331874, OR 
2145521, OR 
2405807, OR 
2340049, OR 
2332964, OR 
2200926, OR 
2230322, OR 
2242124, OR 
2153978, OR 
2238103, OR 
2328205, OR 
2228085, OR 
2225756, OR 
2214038, OR 
2217477, OR 
2143867, OR 
2142739, OR 
2319554, OR 
2246686, OR 
2207401, OR 
2300867, OR 
2327253, OR 
2214011, OR 
2304691, OR 
2148446, OR 
2316258, OR 
2338998, OR 
2315809, OR 
2143915, OR 
2217062, OR 
2221654, OR 
2147073, OR 
2225246, OR 
2237129, OR 
2318178, OR 
2104159, OR 
2220683, OR 
2337696, OR 
2150415, OR 
2208724, OR 
2237867, OR 
2301925, OR 
2137255, OR 
2403506, OR 
2328007, OR 
2415569, OR 
2217033, OR 
2239630, OR 
2321070, OR 
2338266, OR 
2217058, OR 
2317852, OR 
2317853, OR 
2317850, OR 
2317851, OR 
2317854, OR 
2210977, OR 
2208803, OR 
2202481, OR 
2216742, OR 
2237663, OR 
2229523, OR 
2147350, OR 
2154384, OR 
2242927, OR 
2231625, OR 
2229659, OR 
2308531, OR 
2222386, OR 
2201647, OR 
2312862, OR 
2320875, OR 
2232307, OR 
2234698, OR 
2243335, OR 
2315913, OR 
2326024, OR 
2326023, OR 
2317753, OR 
2317752, OR 
2153774, OR 
2142696, OR 
2152437, OR 
2213965, OR 
2321391, OR 
2300557, OR 
2218544, OR 
2143806, OR 
2336189, OR 
2225567, OR 
2340075, OR 
2214640, OR 
2316787, OR 
2225897, OR 
2339890, OR 
2218547, OR 
2145312, OR 
2217765, OR 
2227897, OR 
2327640, OR 
2333754, OR 
2233697, OR 
2300608, OR 
2148520, OR 
2319492, OR 
2319491, OR 
2217242, OR 
2217227, OR 
2223886, OR 
2321405, OR 
2333292, OR 
2237684, OR 
2145642, OR 
2232596, OR 
2242043, OR 
2315023, OR 
2328221, OR 
2149982, OR 
2315024, OR 
2316481, OR 
2316482, OR 
2316852, OR 
2316853, OR 
2307996, OR 
2140902, OR 
2231770, OR 
2129624, OR 
2347617, OR 
2149868, OR 
2225412, OR 
2140905, OR 
2226201, OR 
2227598, OR 
2145549, OR 
2330332, OR 
2140904, OR 
2305427, OR 
2334216, OR 
2328217, OR 
2228957, OR 
2209058, OR 
2201904, OR 
2228180, OR 
2133576, OR 
2133504, OR 
2153564, OR 
2336465, OR 
2234398, OR 
2229091, OR 
2312559, OR 
2338857, OR 
2227945, OR 
2239551, OR 
2223710, OR 
2327319, OR 
2247788, OR 
2317307, OR 
2238204, OR 
2146798, OR 
2342953, OR 
2217675, OR 
2315559, OR 
2334265, OR 
2332744, OR 
2221990, OR 
2204990, OR 
2242042, OR 
2217172, OR 
2334229, OR 
2229890, OR 
2316568, OR 
2412589, OR 
2319755, OR 
2146427, OR 
2243905, OR 
2331156, OR 
2319694, OR 
2238812, OR 
2326034, OR 
2338117, OR 
2231171, OR 
2319245, OR 
2322501, OR 
2243249, OR 
2148764, OR 
2140987, OR 
2308737, OR 
2305283, OR 
2225837, OR 
2314307, OR 
2215420, OR 
2219615, OR 
2302596, OR 
2314347, OR 
2155175, OR 
2150210, OR 
2209854, OR 
2308699, OR 
2324696, OR 
2244734, OR 
2219849, OR 
2317312, OR 
2221190, OR 
2224093, OR 
2231718, OR 
2327574, OR 
2216561, OR 
2336484, OR 
2317086, OR 
2143151, OR 
2315274, OR 
2145010, OR 
2318258, OR 
2318257, OR 
2318261, OR 
2318259, OR 
2318260, OR 
2212982, OR 
2227338, OR 
2205405, OR 
2225399, OR 
2325476, OR 
2311167, OR 
2326028, OR 
2347683, OR 
2223975, OR 
2410232, OR 
2210630, OR 
2223911, OR 
2326029, OR 
2326027, OR 
2217708, OR 
2217732, OR 
2323766, OR 
2402001, OR 
2201100, OR 
2323765, OR 
2411603, OR 
2324168, OR 
2216029, OR 
2151829, OR 
2325518, OR 
2319511, OR 
2239056, OR 
2230607, OR 
2232731, OR 
2324167, OR 
2316017, OR 
2320213, OR 
2305065, OR 
2313137, OR 
2401872, OR 
2313136, OR 
2316126, OR 
2323978, OR 
2323979, OR 
2323977, OR 
2144618, OR 
2314726, OR 
2153579, OR 
2306099, OR 
2310681, OR 
2330257, OR 
2323757, OR 
2244514, OR 
2323976, OR 
2142742, OR 
2207361, OR 
2349369, OR 
2230932, OR 
2046045, OR 
2233467, OR 
2401097, OR 
2326054, OR 
2330387, OR 
2225248, OR 
2201196, OR 
2213445, OR 
2221113, OR 
2401154, OR 
2142611, OR 
2316278, OR 
2242866, OR 
2225229, OR 
2346524, OR 
2237510, OR 
2323452, OR 
2210722, OR 
2331221, OR 
2201723, OR 
2228177, OR 
2207398, OR 
2137603, OR 
2328908, OR 
2230187, OR 
2321504, OR 
2244003, OR 
2334193, OR 
2337387, OR 
2137396, OR 
2228687, OR 
2236384, OR 
2143346, OR 
2207664, OR 
2150365, OR 
2144468, OR 
2243109, OR 
2227551, OR 
2221151, OR 
2141537, OR 
2241537, OR 
2340060, OR 
2339992, OR 
2147635, OR 
2228747, OR 
2238360, OR 
2317726, OR 
2218730, OR 
2409652, OR 
2215690, OR 
2326270, OR 
2325466, OR 
2308628, OR 
2238379, OR 
2225949, OR 
2237240, OR 
2335176, OR 
2228192, OR 
2228124, OR 
2207352, OR 
2207374, OR 
2317747, OR 
2154551, OR 
2325599, OR 
2309260, OR 
2244144, OR 
2234510, OR 
2229725, OR 
2150250, OR 
2318462, OR 
2324360, OR 
2243071, OR 
2337454, OR 
2222346, OR 
2331680, OR 
2152803, OR 
2316401, OR 
2318597, OR 
2207350, OR 
2229385, OR 
2229430, OR 
2320480, OR 
2150461, OR 
2214418, OR 
2223716, OR 
2218965, OR 
2321163, OR 
2215753, OR 
2150434, OR 
2314075, OR 
2321219, OR 
2327257, OR 
2301790, OR 
2422305, OR 
2331378, OR 
2150922, OR 
2238675, OR 
2330802, OR 
2310640, OR 
2225227, OR 
2152081, OR 
2331399, OR 
2304937, OR 
2154727, OR 
2145704, OR 
2239863, OR 
2331417, OR 
2213516, OR 
2151148, OR 
2243319, OR 
2331351, OR 
2316128, OR 
2331381, OR 
2331325, OR 
2239561, OR 
2306048, OR 
2246350, OR 
2244380, OR 
2331364, OR 
2331440, OR 
2333959, OR 
2225630, OR 
2130239, OR 
2321385, OR 
2306104, OR 
2244488, OR 
2149059, OR 
2231202, OR 
2309583, OR 
2319669, OR 
2130381, OR 
2227467, OR 
2227509, OR 
2222572, OR 
2318559, OR 
2229535, OR 
2236320, OR 
2316223, OR 
2239205, OR 
2144985, OR 
2214168, OR 
2231659, OR 
2210637, OR 
2233191, OR 
2145890, OR 
2226589, OR 
2344983, OR 
2237902, OR 
2333494, OR 
2238373, OR 
2244052, OR 
2238712, OR 
2130323, OR 
2130255, OR 
2130222, OR 
2130286, OR 
2237739, OR 
2238446, OR 
2238537, OR 
2337063, OR 
2206540, OR 
2141289, OR 
2317552, OR 
2150449, OR 
2155037, OR 
2231710, OR 
2320270, OR 
2339911, OR 
2334298, OR 
2138243, OR 
2217766, OR 
2232235, OR 
2046856, OR 
2243317, OR 
2209688, OR 
2337064, OR 
2324915, OR 
2209751, OR 
2247157, OR 
2235810, OR 
2235819, OR 
2236073, OR 
2140660, OR 
2415774, OR 
2239646, OR 
2204309, OR 
2300323, OR 
2230790, OR 
2235808, OR 
2239824, OR 
2236587, OR 
2238743, OR 
2342748, OR 
2342747, OR 
2342746, OR 
2224674, OR 
2224675, OR 
2200169, OR 
2318887, OR 
2201928, OR 
2228706, OR 
2145412, OR 
2302773, OR 
2325619, OR 
2155133, OR 
2322330, OR 
2150390, OR 
2218622, OR 
2339678, OR 
2244278, OR 
2340964, OR 
2323111, OR 
2226577, OR 
2414428, OR 
2302155, OR 
2152492, OR 
2213066, OR 
2224594, OR 
2224593, OR 
2328260, OR 
2301992, OR 
2217741, OR 
2236654, OR 
2222038, OR 
2306098, OR 
2311292, OR 
2147375, OR 
2150488, OR 
2244549, OR 
2308509, OR 
2221203, OR 
2228205, OR 
2153337, OR 
2235337, OR 
2235644, OR 
2234073, OR 
2234074, OR 
2234071, OR 
2243106, OR 
2243108, OR 
2243107, OR 
2239481, OR 
2225199, OR 
2335995, OR 
2217753, OR 
2316242, OR 
2238389, OR 
2238060, OR 
2309905, OR 
2226604, OR 
2240008, OR 
2219400, OR 
2239021, OR 
2336906, OR 
2336907, OR 
2306334, OR 
2331218, OR 
2306489, OR 
2341945, OR 
2225854, OR 
2243461, OR 
2243462, OR 
2244396, OR 
2325700, OR 
2244165, OR 
2243822, OR 
2244462, OR 
2152562, OR 
2136198, OR 
2328610, OR 
2244272, OR 
2145835, OR 
2318585, OR 
2228633, OR 
2332419, OR 
2219510, OR 
2140373, OR 
2308299, OR 
2217792, OR 
2228667, OR 
2307933, OR 
2309867, OR 
2311210, OR 
2243018, OR 
2243017, OR 
2231416, OR 
2243020, OR 
2239550, OR 
2234911, OR 
2234910, OR 
2310991, OR 
2310990, OR 
2300164, OR 
2300166, OR 
2300165, OR 
2241455, OR 
2241456, OR 
2241457, OR 
2234868, OR 
2314237, OR 
2330583, OR 
2141538, OR 
2216519, OR 
2223495, OR 
2149705, OR 
2153799, OR 
2336627, OR 
2242605, OR 
2337877, OR 
2345433, OR 
2217811, OR 
2236618, OR 
2235744, OR 
2225608, OR 
2348688, OR 
2329420, OR 
2216526, OR 
2401183, OR 
2219864, OR 
2226200, OR 
2221824, OR 
2244162, OR 
2315385, OR 
2227285, OR 
2212017, OR 
2322920, OR 
2321283, OR 
2244574, OR 
2244164, OR 
2244366, OR 
2304197, OR 
2239038, OR 
2242763, OR 
2319427, OR 
2307376, OR 
2239348, OR 
2236773, OR 
2235583, OR 
2315178, OR 
2313746, OR 
2313754, OR 
2328096, OR 
2339093, OR 
2150191, OR 
2207448, OR 
2327411, OR 
2342876, OR 
2339679, OR 
2314424, OR 
2337344, OR 
2333229, OR 
2412676, OR 
2310086, OR 
2331639, OR 
2331283, OR 
2240844, OR 
2318301, OR 
2318302, OR 
2234961, OR 
2237761, OR 
2121326, OR 
2303907, OR 
2401278, OR 
2232776, OR 
2308724, OR 
2224354, OR 
2219416, OR 
2244317, OR 
2300188, OR 
2318381, OR 
2318383, OR 
2327314, OR 
2316254, OR 
2153695, OR 
2318382, OR 
2331050, OR 
2239169, OR 
2152561, OR 
2325042, OR 
2317553, OR 
2146130, OR 
2318380, OR 
2345652, OR 
2236277, OR 
2146669, OR 
2214749, OR 
2314759, OR 
2314239, OR 
2315095, OR 
2223273, OR 
2324183, OR 
2320884, OR 
2334406, OR 
2221587, OR 
2241814, OR 
2155144, OR 
2214992, OR 
2150143, OR 
2339898, OR 
2324459, OR 
2215186, OR 
2300024, OR 
2410953, OR 
2202107, OR 
2322335, OR 
2315041, OR 
2209691, OR 
2221102, OR 
2143145, OR 
2213272, OR 
2315043, OR 
2322067, OR 
2202882, OR 
2315165, OR 
2317983, OR 
2317984, OR 
2317985, OR 
2209902, OR 
2336233, OR 
2204703, OR 
2316003, OR 
2221331, OR 
2221335, OR 
2322085, OR 
2318513, OR 
2233343, OR 
2221337, OR 
2321090, OR 
2320952, OR 
2320953, OR 
2331578, OR 
2311632, OR 
2310386, OR 
2315148, OR 
2312833, OR 
2204957, OR 
2144978, OR 
2206057, OR 
2230412, OR 
2243003, OR 
2141291, OR 
2315574, OR 
2225314, OR 
2237543, OR 
2223251, OR 
2222468, OR 
2137223, OR 
2418876, OR 
2211835, OR 
2209662, OR 
2216780, OR 
2244014, OR 
2121429, OR 
2201075, OR 
2340016, OR 
2143788, OR 
2328112, OR 
2139716, OR 
2401558, OR 
2221574, OR 
2151006, OR 
2136210, OR 
2239782, OR 
2315197, OR 
2315198, OR 
2315199, OR 
2221012, OR 
2221694, OR 
2314653, OR 
2312925, OR 
2147483, OR 
2228703, OR 
2315277, OR 
2339462, OR 
2228767, OR 
2344232, OR 
2224610, OR 
2244254, OR 
2336806, OR 
2335047, OR 
2309885, OR 
2243810, OR 
2318385, OR 
2318384, OR 
2314433, OR 
2306177, OR 
2045937, OR 
2312835, OR 
2210861, OR 
2336409, OR 
2216268, OR 
2329490, OR 
2243351, OR 
2332143, OR 
2153676, OR 
2221177, OR 
2337027, OR 
2233694, OR 
2318707, OR 
2337028, OR 
2246348, OR 
2221187, OR 
2318708, OR 
2241535, OR 
2144216, OR 
2320120, OR 
2344563, OR 
2315950, OR 
2310939, OR 
2341110, OR 
2328080, OR 
2124841, OR 
2402141, OR 
2334951, OR 
2316197, OR 
2334952, OR 
2334955, OR 
2240023, OR 
2232912, OR 
2334953, OR 
2334954, OR 
2326731, OR 
2134768, OR 
2326732, OR 
2326733, OR 
2224545, OR 
2337322, OR 
2204324, OR 
2316811, OR 
2336652, OR 
2339669, OR 
2336391, OR 
2315259, OR 
2329471, OR 
2243923, OR 
2214726, OR 
2341058, OR 
2322792, OR 
2321990, OR 
2327827, OR 
2231482, OR 
2323312, OR 
2302628, OR 
2144534, OR 
2241704, OR 
2238667, OR 
2236596, OR 
2336193, OR 
2322771, OR 
2302127, OR 
2339243, OR 
2340029, OR 
2338556, OR 
2302101, OR 
2300385, OR 
2243118, OR 
2214955, OR 
2312360, OR 
2224826, OR 
2311383, OR 
2307424, OR 
2221931, OR 
2337878, OR 
2308708, OR 
2222713, OR 
2150076, OR 
2236940, OR 
2333294, OR 
2322299, OR 
2149223, OR 
2214972, OR 
2322782, OR 
2322446, OR 
2205006, OR 
2244673, OR 
2247807, OR 
2238066, OR 
2311311, OR 
2328742, OR 
2337987, OR 
2216659, OR 
2243409, OR 
2322416, OR 
NA, OR 
